{"cameraMode":{"drawMode":0,"name":"Shaded","section":"Shading Mode"},"sceneLighting":true,"audioPlay":false,"sceneViewState":{"showFog":true,"showMaterialUpdate":false,"showSkybox":true,"showFlares":true,"showImageEffects":true,"showParticleSystems":true},"in2DMode":false,"pivot":{"x":218.79139709472657,"y":277.547119140625,"z":-37.45489501953125},"rotation":{"x":-0.24884098768234254,"y":0.07747866958379746,"z":-0.019974224269390107,"w":-0.9652346968650818},"size":342.7438049316406,"orthographic":false}