{"cameraMode":{"drawMode":0,"name":"Shaded","section":"Shading Mode"},"sceneLighting":true,"audioPlay":false,"sceneViewState":{"showFog":true,"showMaterialUpdate":false,"showSkybox":true,"showFlares":true,"showImageEffects":true,"showParticleSystems":true},"in2DMode":false,"pivot":{"x":3.082822799682617,"y":-6.041794300079346,"z":-0.9407157897949219},"rotation":{"x":-0.14893177151679994,"y":-0.2184688150882721,"z":0.0337582528591156,"w":-0.9638208746910095},"size":37.685829162597659,"orthographic":false}